{"initial_reset_timestamp": 1616688476.198469, "timestamps": [1616688476.2771852, 1616688476.3650446, 1616688476.4449298, 1616688476.5092332, 1616688476.6526527, 1616688476.7218301, 1616688476.7935274, 1616688476.8455493, 1616688476.9330966, 1616688477.270843, 1616688477.5249212, 1616688478.0097826, 1616688478.4605513, 1616688478.7290342, 1616688479.1080399, 1616688479.4058483, 1616688479.7260041, 1616688480.1162388, 1616688480.4886765, 1616688480.7674727, 1616688481.093651, 1616688481.3546667, 1616688481.6086276, 1616688482.1665788, 1616688482.5896313, 1616688482.9364934, 1616688483.243008, 1616688483.7916715, 1616688484.1262553, 1616688484.37031, 1616688484.6529896, 1616688485.0162745, 1616688485.27355, 1616688485.5411716, 1616688485.8706872, 1616688486.2937098, 1616688486.7270684, 1616688486.9823437, 1616688487.2951896, 1616688487.6214538, 1616688488.1696935, 1616688488.529324, 1616688489.224443, 1616688489.6670916], "episode_lengths": [118, 130, 93, 101, 202, 122, 89, 85, 75, 116, 101, 186, 167, 105, 109, 105, 108, 139, 130, 110, 117, 97, 94, 176, 157, 122, 94, 176, 118, 88, 108, 129, 99, 93, 108, 127, 150, 92, 103, 114, 185, 111, 223, 145], "episode_rewards": [-460.0352458027506, -643.5228881623693, -258.6049455172855, -251.70823479552303, -465.1364799253115, -203.82688632226973, -243.76169695524035, -365.1220276146487, -217.71547106543855, -435.207266603621, -116.19359903259638, -160.70500200095353, -399.3486957491998, -439.0066686237767, -252.8092445671485, -372.8856924448331, -223.78794378687593, -573.344817597427, -310.9335219388656, -75.52420560685951, 108.59086479454521, -207.3104197565493, -301.78071154870383, -294.06048059072134, -97.11864198486295, -353.2838132362391, -329.40744885789474, -204.1430509736009, -87.28483339085348, -336.72208739118867, -365.1238206972217, -260.74134539037686, -305.2040881169152, -298.3891477983312, -249.23297497131463, -235.4605067676662, -161.69535079760638, -116.21220374347581, -245.80354795419646, -122.86144613312649, -251.34833411755798, -389.94316781883924, -264.0317417759752, -50.301356343537726], "episode_types": ["t", "t", "t", "t", "t", "t", "t", "t", "t", "t", "t", "t", "t", "t", "t", "t", "t", "t", "t", "t", "t", "t", "t", "t", "t", "t", "t", "t", "t", "t", "t", "t", "t", "t", "t", "t", "t", "t", "t", "t", "t", "t", "t", "t", "t"]}